{
    "data": {
        "chromosome": [
            "16",
            "16",
            "16",
            "16",
            "16",
            "16",
            "16",
            "16",
            "16",
            "16",
            "16",
            "16",
            "16",
            "16",
            "16",
            "16",
            "16",
            "16",
            "16",
            "16",
            "16",
            "16",
            "16",
            "16",
            "16",
            "16",
            "16",
            "16",
            "16",
            "16",
            "16",
            "16",
            "16",
            "16",
            "16",
            "16",
            "16",
            "16",
            "16",
            "16"
        ],
        "id": [
            15,
            15,
            15,
            15,
            15,
            15,
            15,
            15,
            15,
            15,
            15,
            15,
            15,
            15,
            15,
            15,
            15,
            15,
            15,
            15,
            15,
            15,
            15,
            15,
            15,
            15,
            15,
            15,
            15,
            15,
            15,
            15,
            15,
            15,
            15,
            15,
            15,
            15,
            15,
            15
        ],
        "pos_cm": [
            0,
            0.122298,
            0.126999,
            0.140058,
            0.143057,
            0.143736,
            0.147679,
            0.149358,
            0.150074,
            0.151661,
            0.151678,
            0.151954,
            0.153192,
            0.153331,
            0.153403,
            0.154667,
            0.155529,
            0.156239,
            0.156883,
            0.157361,
            0.157796,
            0.157892,
            0.158611,
            0.159932,
            0.160004,
            0.160113,
            0.16018,
            0.160279,
            0.161944,
            0.162198,
            0.162993,
            0.166381,
            0.166622,
            0.167106,
            0.168474,
            0.168529,
            0.169503,
            0.169549,
            0.169686,
            0.169686
        ],
        "position": [
            200000,
            200073,
            201389,
            205035,
            211243,
            212649,
            221057,
            225653,
            228306,
            234364,
            234428,
            235490,
            240280,
            240895,
            241210,
            247888,
            252479,
            256278,
            259732,
            262299,
            264642,
            265159,
            269033,
            276161,
            276549,
            277124,
            277458,
            277912,
            284556,
            285313,
            286982,
            293562,
            293915,
            294386,
            295718,
            295795,
            298137,
            298250,
            298588,
            300000
        ],
        "recomb_rate": [
            0.385028,
            3.57244,
            3.58165,
            0.483181,
            0.482846,
            0.468966,
            0.365371,
            0.26967,
            0.262077,
            0.260711,
            0.25982,
            0.258343,
            0.226856,
            0.226856,
            0.189383,
            0.18782,
            0.18674,
            0.186605,
            0.186125,
            0.185671,
            0.185574,
            0.185455,
            0.185345,
            0.185381,
            0.190166,
            0.200311,
            0.218193,
            0.250586,
            0.335746,
            0.476295,
            0.514855,
            0.682989,
            1.02809,
            1.02717,
            0.716151,
            0.415699,
            0.406623,
            0.40626,
            0.405981,
            0.405981
        ]
    },
    "lastPage": null,
    "meta": {
        "datasets": [
            {
                "genome_build": "GRCh37",
                "id": 15,
                "name": "HapMap phase II",
                "version": "2011-01"
            }
        ]
    }
}