{
    "data": {
        "analysis": [
            41,
            41,
            41,
            41,
            41,
            41,
            41,
            41,
            41,
            41,
            41,
            41,
            41,
            41,
            41,
            41,
            41,
            41,
            41,
            41,
            41,
            41,
            41,
            41,
            41,
            41,
            41,
            41
        ],
        "beta": [
            null,
            null,
            null,
            null,
            null,
            null,
            null,
            null,
            null,
            null,
            null,
            null,
            null,
            null,
            null,
            null,
            null,
            null,
            null,
            null,
            null,
            null,
            null,
            null,
            null,
            null,
            null,
            null
        ],
        "chromosome": [
            "16",
            "16",
            "16",
            "16",
            "16",
            "16",
            "16",
            "16",
            "16",
            "16",
            "16",
            "16",
            "16",
            "16",
            "16",
            "16",
            "16",
            "16",
            "16",
            "16",
            "16",
            "16",
            "16",
            "16",
            "16",
            "16",
            "16",
            "16"
        ],
        "log_pvalue": [
            0.0957986,
            0.0112048,
            0.264417,
            0.669302,
            0.207615,
            0.0637527,
            0.503264,
            0.117157,
            0.356271,
            0.1171,
            0.232696,
            0.0864086,
            0.103033,
            0.0841466,
            0.87867,
            0.576345,
            0.568347,
            0.464643,
            0.0469559,
            0.0325644,
            0.0418089,
            0.0836829,
            0.0303372,
            0.654528,
            0.648011,
            1.60762,
            1.10694,
            0.0235996
        ],
        "position": [
            200073,
            201389,
            205035,
            212649,
            221057,
            225653,
            228306,
            240280,
            241210,
            247888,
            252479,
            256278,
            264642,
            265159,
            269033,
            276161,
            276549,
            277124,
            277458,
            277912,
            284556,
            285313,
            286982,
            293562,
            293915,
            295718,
            295795,
            298137
        ],
        "ref_allele": [
            "A",
            "C",
            "G",
            "C",
            "T",
            "A",
            "G",
            "A",
            "G",
            "A",
            "T",
            "A",
            "C",
            "C",
            "G",
            "G",
            "G",
            "A",
            "G",
            "A",
            "G",
            "C",
            "T",
            "T",
            "G",
            "A",
            "T",
            "A"
        ],
        "ref_allele_freq": [
            null,
            null,
            null,
            null,
            null,
            null,
            null,
            null,
            null,
            null,
            null,
            null,
            null,
            null,
            null,
            null,
            null,
            null,
            null,
            null,
            null,
            null,
            null,
            null,
            null,
            null,
            null,
            null
        ],
        "score_test_stat": [
            null,
            null,
            null,
            null,
            null,
            null,
            null,
            null,
            null,
            null,
            null,
            null,
            null,
            null,
            null,
            null,
            null,
            null,
            null,
            null,
            null,
            null,
            null,
            null,
            null,
            null,
            null,
            null
        ],
        "se": [
            null,
            null,
            null,
            null,
            null,
            null,
            null,
            null,
            null,
            null,
            null,
            null,
            null,
            null,
            null,
            null,
            null,
            null,
            null,
            null,
            null,
            null,
            null,
            null,
            null,
            null,
            null,
            null
        ],
        "variant": [
            "16:200073_A/G",
            "16:201389_C/A",
            "16:205035_G/A",
            "16:212649_C/T",
            "16:221057_T/C",
            "16:225653_A/C",
            "16:228306_G/A",
            "16:240280_A/C",
            "16:241210_G/T",
            "16:247888_A/G",
            "16:252479_T/C",
            "16:256278_A/C",
            "16:264642_C/T",
            "16:265159_C/T",
            "16:269033_G/A",
            "16:276161_G/A",
            "16:276549_G/A",
            "16:277124_A/C",
            "16:277458_G/A",
            "16:277912_A/G",
            "16:284556_G/C",
            "16:285313_C/T",
            "16:286982_T/C",
            "16:293562_T/C",
            "16:293915_G/A",
            "16:295718_A/G,T",
            "16:295795_T/C",
            "16:298137_A/C"
        ]
    },
    "lastPage": null
}